<?xml version="1.0" encoding="UTF-8" ?>
<!DOCTYPE mapper
  PUBLIC "-//mybatis.org//DTD Mapper 3.0//EN"
  "http://mybatis.org/dtd/mybatis-3-mapper.dtd">
<mapper namespace="sql">
	<!-- Login -->
	<select id="login" parameterType="kr.tory.note.beans.UserBean" resultType="kr.tory.note.beans.UserBean">
    	select User , Password, Nickname from User_List where `User` = '${User}' and `Password` = '${Password}' and `Approval` = 'Y'
	</select>
	
	<select id="Check_User" parameterType="kr.tory.note.beans.UserBean" resultType="kr.tory.note.beans.UserBean">
    	select User,Nickname from User_List where `User` = '${User}'
	</select>
	
	<select id="Check_Nickname" parameterType="kr.tory.note.beans.UserBean" resultType="kr.tory.note.beans.UserBean">
		select User from User_List where `Nickname` = '${Nickname}'
	</select>
	
	<!-- Home -->
	<select id="apply" resultType="HashMap">
		SELECT USER,Nickname,Sex,Age from User_List WHERE Approval = 'N'
	</select>
	
	<select id="list" resultType="HashMap">
		SELECT USER,Nickname,Sex,Age from User_List WHERE Approval = 'Y'
	</select>
	
	<select id="notice" resultType="HashMap">
		SELECT Title,Nickname,Notice,No FROM Notice_table where `DelYn`='N' and `Nickname` = '${Nickname}';
	</select>
	
	<select id="view" parameterType="Hashmap" resultType="Hashmap">
		SELECT Title,Tags,No FROM Notice_table WHERE `NO`='${No}' AND `Title`='${Title}' and `DelYn`='N'
	</select>
	
	<select id="data" parameterType="Hashmap" resultType="Hashmap">
		SELECT Nickname , img FROM User_List WHERE `Nickname` = '${Nickname}';
	</select>
	
	
	
	
	<insert id="Create_User" parameterType="kr.tory.note.beans.UserBean">
		INSERT INTO User_List (USER,PASSWORD,Nickname,Sex,Age) VALUE('${User}','${Password}','${Nickname}','${Sex}','${Age}')
	</insert>
	<insert id="notice_insert" parameterType="HashMap">
		INSERT INTO Notice_table (Title,Nickname,Notice,Tags) VALUE('${Title}','${Nickname}','${Notice}','${Tags}');
	</insert>
	
	
	<update id="notice_alt" parameterType="HashMap">
		UPDATE Notice_table SET `Title` = '${Title}' , `Notice` = '${Notice}' , `Tags` = '${Tags}' where `No` = '${No}';
	</update>
	<update id="notice_delete" parameterType="HashMap">
		UPDATE Notice_table SET `DelYn` = 'Y'  where `No` = '${No}';
	</update>
	<update id="user_apply" parameterType="HashMap">
		UPDATE User_List SET `Approval` = 'Y' where `Nickname` = '${Nickname}';
	</update>
</mapper>